"","PlayerId","yr","TmAbbrev","G","A","Hits","Blocked","Missed","SOG","Wrist","Snap","Tip","Back","Slap","Deflected"
"1","","2015",NA,0,0,0,0,0,0,0,0,0,0,0,0
"2","8469521","2015","MTL",13,38,51,44,51,153,100,13,3,12,18,3
"3","8475848","2015","MTL",17,21,39,23,38,130,79,13,15,16,4,3
"4","8471436","2015","TOR",2,8,99,73,38,59,30,8,1,3,16,1
"5","8468504","2015","TOR",7,15,17,13,37,67,35,17,6,3,6,0
"6","8471296","2015","MTL",0,11,231,109,35,65,41,7,0,2,15,0
"7","8475172","2015","TOR",15,25,126,36,77,192,118,33,16,16,8,0
"8","8474037","2015","TOR",12,12,43,5,35,91,41,22,10,13,3,1
"9","8474668","2015","MTL",13,11,117,23,32,116,80,14,3,13,2,3
"10","8469707","2015","TOR",18,17,42,15,58,130,71,26,10,11,11,0
"11","8471476","2015","TOR",4,13,58,41,25,95,59,12,7,10,6,0
"12","8475180","2015","TOR",8,16,65,17,50,110,62,25,3,6,11,2
"13","8476449","2015","TOR",0,1,15,9,7,8,2,1,0,1,4,0
"14","8471338","2015","MTL",11,7,60,35,16,55,27,3,6,7,8,2
"15","8475098","2015","TOR",8,19,33,19,32,70,31,23,9,6,1,0
"16","8470207","2015","TOR",8,2,46,12,38,76,38,20,11,3,2,2
"17","8470602","2015","TOR",2,22,134,69,58,105,29,21,1,2,51,1
"18","8475758","2015","MTL",14,11,93,22,30,76,48,10,4,8,2,4
"19","8474157","2015","MTL",28,31,87,33,111,245,151,29,12,28,21,4
"20","8474056","2015","MTL",6,38,85,64,65,143,53,6,0,4,79,1
"21","8474189","2015","MTL",13,10,98,31,53,122,64,11,8,18,17,2
"22","8470120","2015","MTL",1,3,6,4,11,17,10,2,0,1,4,0
"23","8473507","2015","MTL",5,10,70,70,40,84,44,8,0,0,31,1
"24","8476851","2015","MTL",26,26,49,32,71,156,103,16,10,11,13,1
"25","8474096","2015","TOR",2,10,107,49,38,58,36,5,1,6,5,5
"26","8473463","2015","TOR",17,14,225,24,45,81,42,13,16,7,3,0
"27","8470104","2015","MTL",1,1,25,85,9,32,17,5,1,0,9,0
"28","8475716","2015","TOR",1,5,35,58,32,47,27,3,0,2,15,0
"29","8476853","2015","TOR",8,21,45,94,106,133,82,25,1,5,20,0
"30","8467496","2015","MTL",4,33,47,128,54,99,46,4,3,3,42,1
"31","8473574","2015","TOR",10,13,57,33,26,83,40,16,8,13,2,2
"32","8476470","2015","MTL",2,16,54,77,21,66,42,4,0,0,19,0
"33","8470039","2015","MTL",13,11,40,19,34,100,63,11,3,6,15,2
"34","8476062","2015","TOR",3,1,17,2,12,37,22,7,3,4,1,0
"35","8471976","2015","MTL",10,17,29,20,19,73,40,5,3,11,8,1
"36","8474581","2015","TOR",6,22,71,60,82,98,48,13,3,2,32,0
"37","8473541","2015","TOR",0,0,0,0,0,0,0,0,0,0,0,0
"38","8476808","2015","MTL",3,6,21,29,19,62,39,5,2,13,3,0
"39","8474613","2015","NYR",24,30,39,44,60,181,102,35,9,13,19,1
"40","8476882","2015","CHI",13,22,28,29,46,133,87,13,3,11,19,0
"41","8475184","2015","NYR",19,21,184,31,62,135,69,23,13,14,13,3
"42","8473604","2015","CHI",28,35,87,37,51,165,116,7,8,17,10,1
"43","8467096","2015","NYR",9,14,63,95,44,78,26,7,2,0,42,1
"44","8471958","2015","NYR",2,15,161,179,28,75,35,7,1,2,30,0
"45","8476116","2015","CHI",7,7,174,33,61,129,83,6,5,15,18,1
"46","8471956","2015","CHI",8,4,109,48,36,88,56,8,2,12,8,1
"47","8474151","2015","NYR",9,23,101,129,53,99,41,16,0,3,39,0
"48","8475323","2015","CHI",0,5,28,34,21,58,40,3,4,2,2,1
"49","8471769","2015","CHI",2,23,38,164,35,74,21,4,0,7,42,0
"50","8470281","2015","CHI",12,33,20,115,56,137,30,7,1,2,96,1
"51","8475692","2015","NYR",27,34,86,68,76,137,89,24,6,5,13,0
"52","8476468","2015","NYR",19,24,181,49,55,104,30,27,11,9,24,1
"53","8475715","2015","NYR",13,14,128,33,37,91,55,16,4,12,4,0
"54","8473537","2015","NYR",8,11,143,30,52,118,66,20,11,10,10,0
"55","8476381","2015","CHI",17,22,156,22,59,143,85,17,6,21,9,2
"56","8468526","2015","NYR",4,5,112,71,16,41,19,2,3,6,9,2
"57","8470607","2015","CHI",15,36,142,166,66,162,31,12,0,1,118,0
"58","8475763","2015","NYR",14,20,59,21,52,111,65,12,6,7,15,1
"59","8477845","2015","CHI",4,11,46,159,40,90,37,6,2,4,41,0
"60","8470630","2015","NYR",9,18,130,151,35,61,23,6,3,3,26,0
"61","8475182","2015","CHI",0,2,6,3,7,14,4,1,0,0,9,0
"62","8471254","2015","CHI",0,2,57,10,10,19,13,3,0,1,2,0
"63","8470041","2015","NYR",17,21,75,28,68,161,110,19,8,15,5,0
"64","8468575","2015","NYR",7,8,44,36,26,84,35,9,8,15,15,1
"65","8474141","2015","CHI",46,66,41,22,87,255,164,31,6,26,27,1
"66","8473573","2015","CHI",23,22,52,43,44,104,63,7,8,17,5,1
"67","8468685","2015","NYR",0,3,0,0,0,0,0,0,0,0,0,0
"68","8471686","2015","NYR",2,13,67,113,28,59,32,7,3,1,16,0
"69","8478393","2015","CHI",0,0,3,0,0,1,1,0,0,0,0,0
"70","8473544","2015","NYR",27,34,104,24,56,151,74,21,9,9,35,0
"71","8475855","2015","NYR",10,19,117,59,36,68,38,8,9,5,3,4
"72","8466148","2015","CHI",16,22,46,38,43,206,136,29,4,14,21,0
"73","8478550","2015","CHI",31,50,54,17,67,171,108,21,2,9,29,1
"74","8470110","2015","CHI",7,27,50,87,58,144,67,23,3,8,42,0
"75","8471735","2015","NYR",5,39,40,64,82,154,63,22,4,1,64,0
"76","8477935","2015","CGY",15,15,98,31,41,110,77,5,10,14,0,0
"77","8475907","2015","CGY",4,13,192,21,36,109,64,19,4,15,5,0
"78","8473432","2015","VAN",3,10,118,42,28,78,45,9,2,9,8,3
"79","8474150","2015","CGY",19,25,61,46,55,122,74,25,9,10,4,0
"80","8474642","2015","CGY",2,3,105,41,16,43,29,2,1,5,3,0
"81","8471303","2015","VAN",6,14,63,90,52,78,52,6,0,0,20,0
"82","8475690","2015","VAN",3,13,15,146,18,32,16,3,0,0,13,0
"83","8476346","2015","CGY",29,45,25,9,66,179,124,17,7,17,11,1
"84","8470162","2015","CGY",5,11,73,42,19,51,20,9,4,5,11,1
"85","8474749","2015","VAN",6,9,125,38,34,66,33,7,0,4,22,0
"86","8470358","2015","VAN",9,11,68,27,45,111,69,10,6,10,13,2
"87","8475650","2015","CGY",2,2,107,25,21,52,31,11,1,6,3,0
"88","8477497","2015","CGY",26,33,34,37,66,152,117,15,7,6,3,3
"89","8474091","2015","VAN",5,4,10,10,15,33,21,4,1,2,3,1
"90","8470966","2015","CGY",19,35,60,180,78,179,99,33,1,3,43,0
"91","8477500","2015","VAN",15,21,54,46,38,124,76,14,6,15,2,6
"92","8477955","2015","VAN",8,7,37,17,32,81,47,10,4,8,8,3
"93","8476967","2015","CGY",0,0,2,3,3,9,6,0,0,0,3,0
"94","8468674","2015","CGY",3,8,95,99,29,62,40,6,0,1,15,0
"95","8471498","2015","VAN",20,12,32,14,36,78,40,5,2,9,19,3
"96","8471490","2015","VAN",4,4,115,23,20,59,35,9,0,8,2,5
"97","8468085","2015","VAN",12,12,12,11,49,168,89,26,2,8,39,2
"98","8476462","2015","CGY",10,30,68,100,75,162,103,23,0,3,33,0
"99","8471729","2015","CGY",2,19,52,213,62,73,42,12,0,2,17,0
"100","8468011","2015","VAN",0,1,0,0,0,0,0,0,0,0,0,0
"101","8467876","2015","VAN",10,43,9,18,29,83,47,8,2,8,14,3
"102","8473564","2015","CGY",15,15,45,41,35,125,75,22,6,10,8,1
"103","8469770","2015","CGY",2,15,35,73,35,70,29,4,0,1,36,0
"104","8470201","2015","CGY",16,28,33,11,39,94,30,9,10,22,21,1
"105","8471283","2015","VAN",1,5,34,13,10,15,10,4,0,0,1,0
"106","8477591","2015","CGY",4,8,61,30,17,71,40,13,5,8,1,0
"107","8474579","2015","VAN",2,6,58,49,8,23,8,2,0,2,11,0
"108","8467875","2015","VAN",25,31,19,17,74,211,121,23,7,11,35,10
"109","8477018","2015","VAN",0,24,38,85,40,91,53,8,1,1,27,1
"110","8476466","2015","VAN",13,10,27,35,40,83,54,11,0,9,7,1
"111","8469465","2015","VAN",3,10,52,68,25,61,30,5,0,4,20,1
"112","8471403","2015","CGY",0,1,0,0,0,0,0,0,0,0,0,0
"113","8470877","2015","CGY",9,8,142,31,50,66,34,11,4,8,7,1
"114","8470604","2015","LAK",26,36,106,38,112,214,113,47,15,19,12,4
"115","8471685","2015","LAK",26,49,83,63,67,149,85,23,10,19,10,0
"116","8468483","2015","LAK",12,11,32,18,44,122,79,14,9,14,6,0
"117","8470794","2015","SJS",52,46,202,83,117,225,101,21,28,25,31,16
"118","8474739","2015","SJS",8,11,266,62,44,119,61,27,6,16,4,2
"119","8470121","2015","LAK",0,0,5,1,1,3,1,0,0,0,2,0
"120","8476807","2015","SJS",1,3,22,18,13,20,8,2,0,2,8,0
"121","8470606","2015","LAK",11,17,243,23,92,195,117,26,6,21,20,4
"122","8476406","2015","LAK",3,7,87,16,35,80,43,10,10,6,8,0
"123","8474563","2015","LAK",14,37,118,113,111,183,68,23,1,0,91,0
"124","8476919","2015","SJS",12,16,45,50,39,93,54,8,4,15,3,1
"125","8475160","2015","LAK",3,7,119,10,26,61,35,10,5,6,5,0
"126","8471371","2015","SJS",2,3,171,24,18,46,26,4,3,8,3,1
"127","8476404","2015","LAK",7,2,74,12,21,37,21,5,4,4,2,0
"128","8470613","2015","SJS",33,61,145,176,176,359,144,76,1,10,126,2
"129","8475325","2015","LAK",0,5,72,6,22,45,28,8,2,3,3,0
"130","8474053","2015","SJS",22,38,68,60,73,146,78,29,6,5,21,5
"131","8474027","2015","SJS",6,24,114,185,48,127,58,23,0,4,42,0
"132","8475820","2015","SJS",16,29,51,58,48,116,67,10,5,17,6,8
"133","8476442","2015","SJS",8,11,50,40,27,89,50,8,4,16,8,2
"134","8471709","2015","SJS",8,40,67,191,97,135,59,20,0,3,53,0
"135","8466139","2015","SJS",28,30,110,45,93,212,121,26,11,19,21,9
"136","8468208","2015","SJS",27,25,97,69,54,134,62,13,21,8,21,5
"137","8475726","2015","LAK",30,26,72,20,101,179,91,36,8,19,22,2
"138","8469555","2015","LAK",2,10,36,34,43,71,21,9,2,3,36,0
"139","8474162","2015","LAK",8,33,204,138,94,200,108,8,0,2,81,0
"140","8473453","2015","LAK",10,8,169,30,59,147,95,13,9,19,4,2
"141","8471240","2015","LAK",0,0,0,2,0,1,0,0,1,0,0,0
"142","8474166","2015","LAK",10,19,153,176,69,106,44,15,0,0,47,0
"143","8466138","2015","SJS",22,74,75,40,65,129,69,7,5,10,32,6
"144","8468542","2015","SJS",3,21,83,178,34,58,33,3,0,3,19,0
"145","8476881","2015","SJS",24,28,127,66,78,203,111,16,14,30,16,3
"146","8475455","2015","SJS",2,11,210,119,47,106,53,17,0,1,34,1
"147","8476624","2015","SJS",0,3,8,4,5,6,5,1,0,0,0,0
"148","8473473","2015","LAK",18,36,255,24,86,107,64,14,10,5,11,2
"149","8476871","2015","LAK",14,22,112,36,63,118,64,29,8,4,10,2
"150","8471734","2015","LAK",0,3,0,0,0,0,0,0,0,0,0,0
"151","8473412","2015","WPG",16,24,47,20,39,101,51,15,1,14,16,4
"152","8471217","2015","WPG",22,22,174,44,70,167,101,26,11,13,13,3
"153","8470626","2015","BOS",28,31,21,33,46,144,83,20,17,12,10,1
"154","8470638","2015","BOS",32,32,67,52,88,231,131,55,16,16,12,1
"155","8475279","2015","WPG",1,9,120,89,38,65,29,6,0,3,26,1
"156","8467967","2015","BOS",2,0,13,13,3,6,4,0,0,1,0,0
"157","8476191","2015","BOS",5,12,161,119,34,56,30,5,0,0,20,0
"158","8477429","2015","WPG",6,6,83,17,14,45,27,1,2,7,2,6
"159","8476885","2015","WPG",6,14,140,162,42,111,60,9,0,4,34,2
"160","8470614","2015","WPG",1,2,150,113,21,34,17,5,0,0,12,0
"161","8476392","2015","WPG",7,9,172,46,19,59,37,8,6,7,0,1
"162","8475727","2015","BOS",12,35,52,16,54,139,88,21,3,13,12,1
"163","8476792","2015","BOS",3,39,59,86,87,214,123,26,0,2,62,0
"164","8471276","2015","BOS",17,43,38,50,58,116,55,11,12,8,30,0
"165","8469501","2015","WPG",6,6,137,29,21,62,20,7,5,21,7,2
"166","8474625","2015","BOS",13,16,123,15,32,105,56,14,10,12,9,2
"167","8474574","2015","WPG",8,17,52,87,51,118,57,18,2,9,31,0
"168","8473618","2015","WPG",7,32,77,29,41,111,65,9,2,17,13,5
"169","8477940","2015","WPG",14,20,25,25,63,134,81,22,1,12,17,1
"170","8477956","2015","BOS",14,11,49,14,27,89,49,3,8,14,14,0
"171","8470828","2015","WPG",2,12,25,87,24,43,19,6,1,1,16,0
"172","8476476","2015","BOS",1,6,28,33,9,43,20,9,1,2,11,0
"173","8471218","2015","WPG",24,49,84,53,100,213,129,16,9,14,29,9
"174","8471226","2015","WPG",21,17,57,14,35,154,107,19,2,12,8,3
"175","8475788","2015","WPG",7,13,118,34,49,93,57,14,5,8,7,2
"176","8475902","2015","BOS",2,5,62,45,17,52,31,7,0,0,14,0
"177","8470834","2015","WPG",18,32,201,99,97,209,70,28,1,12,90,4
"178","8473492","2015","BOS",15,22,246,39,93,139,77,20,8,20,12,0
"179","8475792","2015","BOS",9,16,128,35,39,82,59,12,5,4,1,1
"180","8473419","2015","BOS",33,24,59,33,66,195,135,19,8,21,4,4
"181","8477464","2015","WPG",2,3,6,3,13,20,12,3,0,1,1,3
"182","8478564","2015","BOS",2,3,36,16,6,29,18,5,2,4,0,0
"183","8471717","2015","BOS",1,7,135,112,15,34,19,5,0,0,10,0
"184","8476460","2015","WPG",28,30,50,31,62,144,77,23,11,14,11,7
"185","8474736","2015","BOS",0,2,142,15,15,36,22,8,1,2,3,0
"186","8475625","2015","BOS",0,0,1,0,1,3,1,0,0,0,2,0
"187","8474068","2015","OTT",11,13,37,28,44,86,47,14,4,4,15,2
"188","8474884","2015","OTT",26,28,17,26,75,185,92,32,4,8,47,2
"189","8475913","2015","OTT",19,34,47,42,58,109,62,11,7,14,11,1
"190","8476459","2015","OTT",20,23,98,37,68,141,73,17,3,12,32,3
"191","8470324","2015","BUF",2,10,122,140,29,45,16,9,1,2,16,1
"192","8476419","2015","OTT",16,22,141,50,25,100,59,9,7,10,10,4
"193","8475158","2015","BUF",18,36,16,38,37,116,48,12,4,16,32,4
"194","8473426","2015","BUF",1,4,100,56,16,38,24,6,1,1,6,0
"195","8471742","2015","BUF",3,13,55,47,33,77,30,20,0,2,24,1
"196","8474589","2015","BUF",3,8,28,6,21,46,25,5,1,4,10,1
"197","8474250","2015","OTT",20,10,149,22,45,86,53,9,7,6,9,1
"198","8475796","2015","BUF",0,9,35,48,25,36,20,5,0,0,11,0
"199","8467493","2015","OTT",4,6,189,10,24,54,33,4,3,7,6,1
"200","8473465","2015","BUF",23,16,161,25,60,124,64,15,14,13,14,2
"201","8475174","2015","OTT",0,3,93,49,8,19,8,0,1,0,9,1
"202","8475728","2015","BUF",9,5,97,27,42,76,51,9,4,7,3,1
"203","8471676","2015","OTT",19,31,91,24,54,141,82,26,5,16,7,1
"204","8474697","2015","OTT",1,1,231,77,12,20,11,5,0,0,4,0
"205","8476878","2015","BUF",6,9,105,35,30,97,60,17,4,7,7,2
"206","8477508","2015","OTT",6,12,100,38,28,55,36,6,1,8,3,1
"207","8467330","2015","BUF",5,9,24,18,9,50,34,5,2,5,0,2
"208","8475163","2015","OTT",7,5,91,21,25,65,42,6,7,5,4,1
"209","8470760","2015","OTT",5,6,100,79,18,59,15,5,0,4,35,0
"210","8470599","2015","OTT",6,8,32,20,21,38,24,6,4,2,1,1
"211","8477933","2015","BUF",21,15,19,22,51,127,72,17,9,13,8,7
"212","8474605","2015","OTT",0,2,40,42,23,50,24,9,0,3,14,0
"213","8478403","2015","BUF",22,28,37,25,79,187,114,25,3,26,10,3
"214","8476879","2015","OTT",9,15,59,111,35,91,50,9,0,2,30,0
"215","8470667","2015","OTT",0,0,2,1,1,2,0,1,1,0,0,0
"216","8475169","2015","BUF",15,13,148,22,77,218,125,38,6,19,19,4
"217","8475235","2015","BUF",6,6,173,24,31,60,27,13,1,9,8,2
"218","8475220","2015","BUF",10,13,179,38,28,64,40,9,4,4,3,2
"219","8469470","2015","BUF",1,4,28,41,12,26,10,5,0,0,11,0
"220","8474578","2015","OTT",15,57,68,157,117,194,73,20,1,5,95,0
"221","8477499","2015","BUF",9,27,126,122,56,163,63,19,0,5,75,0
"222","8470852","2015","BUF",6,10,37,20,40,93,45,14,9,8,10,6
"223","8473512","2015","PHI",18,41,83,39,59,191,114,35,2,7,29,3
"224","8475167","2015","TBL",13,44,78,160,101,199,97,11,1,10,79,1
"225","8473986","2015","TBL",18,30,117,29,75,157,94,15,12,24,11,1
"226","8468309","2015","PHI",5,18,31,89,46,88,14,13,0,5,56,0
"227","8476461","2015","PHI",11,24,30,30,27,94,50,22,4,7,7,2
"228","8474520","2015","TBL",5,12,101,110,60,120,42,13,2,1,62,0
"229","8474870","2015","TBL",20,34,62,33,79,169,108,20,10,14,15,0
"230","8474584","2015","PHI",4,8,118,92,28,81,23,25,0,2,31,0
"231","8476292","2015","TBL",20,28,156,54,49,126,79,11,7,14,11,4
"232","8468513","2015","PHI",1,7,81,175,33,59,14,9,1,2,33,0
"233","8476453","2015","TBL",37,44,76,29,99,207,112,33,9,14,33,2
"234","8474564","2015","TBL",34,25,105,32,89,165,64,22,9,14,55,1
"235","8471339","2015","TBL",10,18,210,80,86,157,78,15,16,23,21,0
"236","8474568","2015","PHI",5,13,237,105,36,74,37,10,0,0,27,0
"237","8476480","2015","TBL",13,23,69,40,38,102,65,7,9,12,6,1
"238","8470619","2015","TBL",18,6,148,56,39,118,63,13,16,16,8,1
"239","8470047","2015","TBL",8,26,34,36,28,119,80,7,4,19,7,2
"240","8471873","2015","TBL",9,22,99,70,42,111,43,6,1,5,56,0
"241","8474190","2015","PHI",31,27,195,48,78,188,103,31,9,28,5,8
"242","8477930","2015","PHI",6,8,69,52,44,85,42,21,2,8,9,3
"243","8476177","2015","PHI",11,13,75,58,57,105,58,21,4,10,10,2
"244","8476806","2015","TBL",8,13,121,42,47,129,84,7,13,13,9,1
"245","8478563","2015","PHI",4,6,33,24,40,51,14,8,2,1,26,0
"246","8474161","2015","PHI",11,39,52,28,57,179,78,49,2,7,37,2
"247","8470601","2015","TBL",1,10,122,112,52,100,33,16,0,9,42,0
"248","8477494","2015","TBL",9,15,56,5,23,50,24,10,2,3,11,0
"249","8470640","2015","TBL",2,12,39,101,23,54,32,4,0,2,16,0
"250","8477205","2015","TBL",5,17,40,74,34,73,43,4,2,3,21,0
"251","8469469","2015","PHI",2,7,51,14,11,37,24,4,0,4,4,0
"252","8477290","2015","PHI",12,16,128,33,53,114,63,23,9,11,7,0
"253","8475170","2015","PHI",24,32,177,27,63,133,60,32,13,8,16,4
"254","8473466","2015","PHI",8,5,201,46,32,72,32,17,6,4,12,1
"255","8476872","2015","PHI",5,12,68,24,24,71,36,12,2,11,6,3
"256","8471762","2015","PHI",3,11,124,56,31,65,37,13,9,4,0,0
"257","8473588","2015","TBL",5,5,20,16,16,50,38,1,2,4,5,0
"258","8475430","2015","PHI",1,6,95,56,24,74,33,15,0,1,24,0
"259","8473461","2015","PHI",0,0,0,0,0,0,0,0,0,0,0,0
"260","8471669","2015","STL",13,47,66,43,54,110,70,4,14,15,0,6
"261","8470257","2015","STL",19,39,66,53,65,175,102,12,10,9,42,0
"262","8475765","2015","STL",47,35,55,33,115,267,204,28,8,17,7,1
"263","8470655","2015","STL",27,28,305,71,65,157,99,12,14,13,18,1
"264","8476892","2015","STL",10,29,116,143,90,184,97,7,1,10,68,0
"265","8477952","2015","STL",20,28,68,12,52,104,81,6,3,4,10,0
"266","8476852","2015","EDM",0,1,61,41,10,23,6,6,0,0,11,0
"267","8474565","2015","STL",8,36,67,179,63,187,102,13,2,5,65,0
"268","8468505","2015","STL",0,3,61,7,7,26,16,0,2,4,4,0
"269","8468611","2015","EDM",3,6,164,64,21,54,25,9,2,5,8,1
"270","8471817","2015","STL",2,1,203,9,11,29,16,2,5,3,3,0
"271","8471284","2015","EDM",6,22,53,143,55,130,38,12,1,7,70,0
"272","8475165","2015","EDM",1,2,51,17,14,48,29,11,1,5,2,0
"273","8474031","2015","STL",14,35,107,124,75,177,105,13,0,4,55,0
"274","8474627","2015","STL",12,29,51,28,19,91,56,5,9,3,11,6
"275","8476454","2015","EDM",11,20,35,35,35,82,43,27,2,6,3,1
"276","8476436","2015","STL",4,10,112,15,29,81,40,8,8,12,6,1
"277","8473962","2015","EDM",16,27,36,13,62,136,80,30,3,7,16,0
"278","8474125","2015","STL",3,8,76,136,23,56,31,3,1,0,21,0
"279","8476472","2015","EDM",4,8,21,58,27,42,13,8,0,2,17,1
"280","8473468","2015","EDM",1,5,121,71,26,51,17,8,0,1,25,0
"281","8473989","2015","EDM",1,0,34,9,3,16,9,4,1,1,1,0
"282","8474602","2015","EDM",4,17,43,77,47,96,40,17,4,3,31,1
"283","8475791","2015","EDM",25,36,75,44,76,234,135,55,14,17,6,5
"284","8471678","2015","EDM",14,20,33,23,38,81,41,18,7,6,6,3
"285","8473914","2015","EDM",9,12,65,30,43,87,37,26,5,6,10,0
"286","8471232","2015","EDM",9,9,88,50,29,67,42,11,4,6,2,2
"287","8476855","2015","EDM",7,13,53,21,30,113,53,24,1,13,17,1
"288","8470803","2015","STL",9,4,61,46,32,50,33,3,5,4,5,0
"289","8475660","2015","EDM",0,1,0,0,0,0,0,0,0,0,0,0
"290","8471426","2015","STL",24,25,248,60,70,140,88,14,11,9,15,3
"291","8471816","2015","EDM",1,4,47,89,32,52,19,10,0,5,18,0
"292","8475768","2015","STL",11,22,71,46,37,82,46,9,6,7,13,1
"293","8478402","2015","EDM",16,32,11,10,30,85,54,12,1,16,0,1
"294","8476441","2015","STL",2,6,182,60,40,95,46,13,0,0,36,0
"295","8470151","2015","STL",3,19,91,134,53,112,57,11,3,2,38,1
"296","8477415","2015","EDM",0,1,13,1,4,5,1,2,0,1,1,0
"297","8467371","2015","NSH",7,42,72,25,30,74,34,8,5,6,18,2
"298","8471707","2015","NSH",30,27,141,29,114,261,155,50,8,14,29,2
"299","8468493","2015","CAR",5,14,77,114,47,111,46,16,1,3,43,2
"300","8474600","2015","NSH",15,52,80,204,88,215,102,20,0,20,71,1
"301","8476887","2015","NSH",34,30,139,48,135,233,145,42,6,15,21,2
"302","8470222","2015","CAR",0,0,1,0,0,0,0,0,0,0,0,0
"303","8474569","2015","NSH",11,23,74,34,40,114,61,13,6,21,7,3
"304","8473533","2015","CAR",19,27,149,31,62,119,49,34,10,16,3,5
"305","8475176","2015","NSH",10,27,84,119,55,160,56,17,0,1,85,0
"306","8467370","2015","NSH",17,11,166,78,42,107,61,14,5,19,6,1
"307","8469508","2015","CAR",2,8,70,28,22,55,19,10,2,10,7,5
"308","8471804","2015","CAR",3,2,50,9,21,57,17,16,3,11,9,1
"309","8475225","2015","NSH",21,17,88,21,76,197,109,31,12,18,19,3
"310","8477495","2015","NSH",2,26,78,99,57,133,58,28,0,2,44,1
"311","8476437","2015","CAR",21,26,28,29,64,131,67,40,5,9,5,5
"312","8478042","2015","NSH",8,9,34,45,53,142,79,11,8,17,23,1
"313","8477496","2015","CAR",11,27,98,38,55,146,61,50,10,6,11,8
"314","8470595","2015","CAR",13,26,83,34,95,188,88,35,7,26,17,5
"315","8474062","2015","CAR",9,13,53,20,19,60,27,16,5,5,4,1
"316","8475784","2015","CAR",25,23,19,17,77,203,84,51,4,26,33,3
"317","8468700","2015","NSH",3,4,136,48,16,56,32,5,2,9,3,0
"318","8475753","2015","CAR",16,19,99,59,70,159,34,46,1,7,71,0
"319","8470642","2015","NSH",20,33,206,173,98,180,66,25,0,2,86,1
"320","8474570","2015","NSH",3,5,23,6,27,55,26,12,1,5,9,0
"321","8478396","2015","CAR",4,17,62,71,51,106,35,25,1,4,39,0
"322","8470180","2015","NSH",7,0,89,24,9,20,10,4,0,0,5,0
"323","8475218","2015","NSH",11,29,72,113,61,120,54,9,2,6,47,0
"324","8475250","2015","CAR",8,14,26,13,43,93,34,32,4,16,5,0
"325","8470320","2015","CAR",0,0,0,0,0,0,0,0,0,0,0,0
"326","8475714","2015","NSH",15,15,46,29,37,109,71,12,12,1,11,2
"327","8468639","2015","CAR",6,13,75,117,36,95,32,14,0,3,45,0
"328","8471346","2015","CAR",16,23,23,31,73,134,61,32,6,15,17,2
"329","8476465","2015","CAR",0,8,25,20,17,46,17,5,0,0,24,0
"330","8467890","2015","NSH",1,4,114,97,36,65,35,10,0,0,19,1
"331","8475268","2015","NSH",1,3,49,20,7,21,8,6,4,1,1,0
"332","8474052","2015","CAR",7,3,73,15,29,62,17,30,2,8,3,1
"333","8475807","2015","CAR",10,12,86,29,44,62,20,21,3,5,10,1
"334","8469455","2015","DAL",36,38,12,23,97,191,110,19,10,11,33,2
"335","8469665","2015","DAL",5,18,82,185,59,66,12,4,0,1,49,0
"336","8471724","2015","PIT",19,60,175,149,74,247,101,47,2,19,78,0
"337","8477501","2015","DAL",9,20,80,36,63,135,88,13,8,14,10,2
"338","8473548","2015","PIT",35,44,18,13,109,302,185,85,7,12,11,1
"339","8471675","2015","PIT",41,56,106,46,117,252,117,45,17,44,28,1
"340","8475794","2015","DAL",31,39,78,25,103,238,123,32,4,8,70,0
"341","8475761","2015","PIT",6,4,48,5,14,44,25,9,2,4,4,0
"342","8477406","2015","DAL",16,16,12,24,58,104,66,7,5,15,9,1
"343","8469466","2015","DAL",14,29,27,29,49,180,135,6,3,13,16,2
"344","8474550","2015","DAL",0,2,0,0,0,0,0,0,0,0,0,0
"345","8464989","2015","PIT",20,15,59,62,33,113,77,10,3,11,5,1
"346","8476279","2015","DAL",2,8,64,60,13,41,19,5,0,2,15,0
"347","8474818","2015","DAL",3,8,86,90,24,54,36,6,0,1,11,0
"348","8475208","2015","PIT",2,19,107,93,53,116,67,20,0,2,26,0
"349","8474218","2015","DAL",7,18,102,83,69,99,50,7,3,5,34,0
"350","8469544","2015","DAL",24,33,87,27,107,235,137,24,10,16,45,0
"351","8474009","2015","PIT",12,34,38,109,41,110,69,11,7,16,5,0
"352","8473933","2015","PIT",5,10,180,133,44,102,50,11,0,0,41,0
"353","8473994","2015","DAL",45,57,179,58,105,218,132,22,20,23,15,5
"354","8474013","2015","PIT",1,14,162,167,41,80,33,4,0,2,41,0
"355","8475906","2015","DAL",11,50,58,77,73,175,100,23,1,8,43,0
"356","8471887","2015","PIT",30,33,234,82,84,276,167,29,24,29,18,3
"357","8474849","2015","DAL",15,16,136,61,60,109,64,9,8,12,11,2
"358","8478928","2015","PIT",0,3,103,10,19,40,24,4,1,5,2,0
"359","8471274","2015","DAL",9,34,119,167,61,135,73,5,1,1,54,0
"360","8469759","2015","DAL",13,12,55,44,54,89,51,12,1,15,4,2
"361","8467452","2015","PIT",0,10,32,71,14,37,13,2,0,0,22,0
"362","8478466","2015","PIT",2,0,13,2,8,20,9,4,1,2,3,0
"363","8476874","2015","PIT",5,20,104,93,40,99,49,11,0,1,36,0
"364","8468635","2015","DAL",0,2,37,19,4,16,7,1,1,5,0,0
"365","8475236","2015","DAL",16,25,112,58,52,124,67,15,6,16,18,2
"366","8470543","2015","PIT",18,30,316,38,72,168,95,25,11,14,22,1
"367","8471215","2015","PIT",30,41,43,35,73,176,89,23,5,19,39,0
"368","8470622","2015","DAL",14,9,83,25,44,91,58,9,6,11,5,2
"369","8476769","2015","PIT",7,1,81,17,22,37,15,12,2,4,3,0
"370","8474102","2015","PIT",12,22,139,26,49,134,92,13,12,10,6,1
"371","8470594","2015","PIT",0,1,1,0,0,0,0,0,0,0,0,0
"372","8467400","2015","COL",8,25,74,247,49,118,44,8,0,0,66,0
"373","8475799","2015","MIN",20,24,137,18,59,148,82,28,8,14,8,6
"374","8475168","2015","COL",29,28,38,34,58,162,111,20,11,14,3,2
"375","8477492","2015","COL",20,29,45,50,87,206,133,24,2,9,28,4
"376","8474207","2015","COL",6,16,210,113,36,88,38,9,0,6,32,2
"377","8475798","2015","MIN",14,32,88,66,57,157,105,19,5,11,11,2
"378","8476344","2015","MIN",0,0,1,0,1,2,1,0,1,0,0,0
"379","8470317","2015","COL",0,0,15,33,6,10,3,1,0,0,6,0
"380","8475745","2015","MIN",20,20,131,62,46,119,69,25,4,12,3,5
"381","8477507","2015","COL",0,2,51,15,10,18,11,0,0,1,6,0
"382","8470871","2015","MIN",5,3,166,15,22,41,20,6,5,6,2,1
"383","8471681","2015","COL",8,6,93,23,35,92,58,11,2,11,5,2
"384","8471657","2015","COL",8,5,229,25,19,59,30,2,4,9,5,4
"385","8473446","2015","COL",10,16,117,186,49,159,95,13,2,9,39,0
"386","8475287","2015","MIN",14,22,68,60,29,82,52,9,4,8,7,1
"387","8462042","2015","COL",21,24,63,40,56,156,80,21,5,5,42,2
"388","8474618","2015","MIN",6,15,66,112,63,122,46,19,3,3,50,0
"389","8471262","2015","COL",11,37,25,65,53,143,97,11,0,29,4,1
"390","8470600","2015","MIN",8,45,74,151,75,180,107,28,0,5,39,1
"391","8477916","2015","COL",0,0,1,3,1,1,1,0,0,0,0,0
"392","8470598","2015","MIN",18,23,17,17,44,124,63,9,10,7,26,3
"393","8471260","2015","COL",11,24,168,33,39,126,60,19,2,13,30,2
"394","8477850","2015","MIN",0,4,38,30,5,14,3,2,0,0,9,0
"395","8469459","2015","MIN",19,39,42,62,63,131,76,14,9,13,18,0
"396","8473646","2015","MIN",7,4,88,38,15,54,34,7,1,10,1,0
"397","8476856","2015","MIN",10,17,82,56,71,134,46,19,2,6,61,0
"398","8470610","2015","MIN",25,28,61,42,74,195,107,21,23,16,17,7
"399","8476455","2015","COL",19,32,136,60,39,142,94,15,3,8,19,1
"400","8474716","2015","MIN",12,21,59,170,58,108,46,9,0,2,49,1
"401","8475722","2015","MIN",12,12,81,33,78,138,74,22,4,22,12,2
"402","8476463","2015","MIN",3,7,31,116,30,53,18,6,1,3,25,0
"403","8470750","2015","COL",10,10,84,59,26,83,52,9,3,7,10,2
"404","8475197","2015","COL",12,33,36,82,56,143,83,16,0,4,40,0
"405","8469506","2015","MIN",15,28,33,38,53,181,83,20,8,9,59,1
"406","8467338","2015","COL",8,27,20,34,23,61,37,5,3,4,10,2
"407","8471227","2015","MIN",0,0,1,0,0,0,0,0,0,0,0,0
"408","8473575","2015","COL",0,0,0,0,0,0,0,0,0,0,0,0
"409","8475185","2015","NJD",3,7,56,29,28,70,20,31,9,7,2,1
"410","8472410","2015","NJD",1,9,100,32,24,54,22,19,5,7,0,0
"411","8469462","2015","NJD",0,1,59,7,10,30,9,11,3,4,3,0
"412","8471233","2015","NJD",13,26,60,32,37,91,28,34,7,14,7,1
"413","8476923","2015","NJD",1,17,60,32,46,81,12,20,3,1,45,0
"414","8478566","2015","NJD",8,7,138,29,28,58,21,17,5,12,1,1
"415","8473482","2015","NJD",2,2,36,10,12,29,7,18,2,0,1,1
"416","8476423","2015","NJD",8,11,30,12,23,60,23,20,3,3,10,1
"417","8475151","2015","NJD",29,26,116,48,72,177,57,49,4,18,44,5
"418","8470740","2015","NJD",16,27,97,30,46,108,58,26,5,9,6,1
"419","8476457","2015","NJD",3,14,146,136,36,56,24,14,0,0,18,0
"420","8475186","2015","NJD",3,13,81,70,44,84,22,26,0,3,33,0
"421","8475750","2015","NJD",1,4,40,50,11,28,10,9,0,0,9,0
"422","8472382","2015","NJD",3,9,65,133,33,52,13,14,0,3,19,0
"423","8469500","2015","NJD",14,20,11,10,24,68,14,27,3,6,17,0
"424","8473673","2015","NJD",5,11,42,79,33,89,29,31,1,5,23,0
"425","8469547","2015","NJD",3,4,76,17,28,72,22,28,2,5,12,2
"426","8474641","2015","NJD",26,19,57,54,41,105,32,39,10,12,10,2
"427","8475793","2015","CBJ",18,48,133,34,63,179,95,32,9,16,22,4
"428","8471273","2015","CBJ",15,25,192,33,42,112,41,49,3,8,8,0
"429","8477505","2015","CBJ",8,28,27,36,35,68,30,25,3,7,1,1
"430","8474715","2015","CBJ",25,23,42,33,67,167,55,61,16,11,19,1
"431","8468486","2015","CBJ",21,22,114,36,45,110,37,41,11,10,9,2
"432","8470169","2015","CBJ",3,7,90,45,24,50,18,11,5,5,5,5
"433","8474685","2015","CBJ",11,13,82,37,33,96,36,29,7,14,6,1
"434","8471677","2015","CBJ",4,7,89,81,47,71,24,24,0,1,22,0
"435","8476432","2015","CBJ",28,19,192,63,47,162,66,54,10,19,10,2
"436","8475233","2015","CBJ",4,19,115,102,52,108,27,34,0,8,39,0
"437","8471504","2015","CBJ",3,5,74,15,21,64,20,19,3,13,5,0
"438","8471766","2015","CBJ",1,2,52,14,5,10,5,4,0,0,1,0
"439","8474774","2015","CBJ",2,5,123,62,19,56,14,20,0,1,21,0
"440","8476850","2015","CBJ",3,20,42,150,25,73,25,19,0,1,28,0
"441","8469492","2015","CBJ",1,2,113,60,17,23,7,6,0,1,8,1
"442","8473422","2015","CBJ",12,20,135,44,44,122,49,32,11,17,4,3
"443","8476438","2015","CBJ",26,21,40,18,65,171,51,65,7,32,10,2
"444","8475246","2015","CBJ",5,11,98,56,39,103,47,19,0,5,32,0
"445","8468083","2015","DET",12,36,55,26,76,195,98,33,5,28,20,7
"446","8470318","2015","DET",2,11,115,48,40,66,23,7,0,3,33,0
"447","8471716","2015","DET",18,20,207,45,51,132,55,18,15,15,18,9
"448","8475193","2015","DET",20,27,72,17,59,138,74,35,2,9,11,5
"449","8471309","2015","DET",0,1,3,0,2,3,1,1,0,1,0,0
"450","8475772","2015","DET",13,12,67,41,38,110,61,23,4,11,6,5
"451","8476822","2015","DET",8,11,134,80,35,80,36,8,7,24,2,2
"452","8475157","2015","DET",5,4,96,27,27,63,34,12,3,9,3,0
"453","8477946","2015","DET",24,21,69,25,81,186,113,39,1,14,15,1
"454","8474679","2015","DET",18,24,67,19,43,139,87,28,2,12,3,6
"455","8470724","2015","DET",4,8,54,63,17,58,14,8,0,4,31,1
"456","8471693","2015","DET",2,5,38,23,30,59,24,6,0,1,28,0
"457","8475800","2015","DET",6,6,5,8,35,54,30,8,2,2,12,0
"458","8470778","2015","DET",0,1,37,31,11,22,16,5,0,1,0,0
"459","8467389","2015","DET",10,18,19,11,54,149,59,38,3,13,35,1
"460","8471242","2015","DET",8,28,100,66,47,110,51,18,0,3,38,0
"461","8474090","2015","DET",3,12,92,42,29,81,33,5,0,0,43,0
"462","8468509","2015","DET",2,23,86,78,28,64,15,6,0,4,38,0
"463","8470144","2015","NYI",20,31,51,91,75,159,86,28,7,21,17,0
"464","8475166","2015","NYI",37,40,53,28,85,221,127,26,18,21,24,2
"465","8475314","2015","NYI",12,19,147,25,50,148,70,10,27,25,10,3
"466","8475231","2015","NYI",8,24,160,56,36,78,46,11,5,7,5,0
"467","8473504","2015","NYI",17,9,289,36,29,77,45,14,3,5,9,0
"468","8474709","2015","NYI",10,9,388,24,37,79,46,17,7,6,2,1
"469","8477300","2015","CHI",2,2,13,33,14,40,10,3,0,0,27,0
"470","8476458","2015","NYI",5,22,73,19,43,113,74,16,5,10,8,0
"471","8475177","2015","NYI",2,16,131,197,43,87,37,13,0,2,35,0
"472","8474612","2015","NYI",6,18,150,139,78,137,53,12,1,1,69,0
"473","8471362","2015","NYI",8,15,25,20,34,64,37,8,4,8,6,0
"474","8475754","2015","NYI",26,18,62,56,45,147,91,28,12,8,7,0
"475","8474588","2015","CHI",3,3,54,21,24,36,21,5,4,2,2,0
"476","8474573","2015","NYI",13,20,49,25,38,91,47,19,7,5,10,3
"477","8473449","2015","NYI",23,45,103,37,76,199,125,37,10,9,15,0
"478","8470645","2015","CHI",0,1,0,0,0,0,0,0,0,0,0,0
"479","8470187","2015","NYI",9,13,174,147,74,168,36,13,1,3,115,0
"480","8473579","2015","NYI",10,15,112,53,23,93,59,12,7,10,4,0
"481","8475181","2015","NYI",5,32,87,90,53,117,41,17,1,6,52,0
"482","8469623","2015","NYI",4,10,39,73,17,40,13,3,1,3,19,0
"483","8473565","2015","NYI",1,4,92,53,21,33,20,6,0,1,6,0
"484","8471306","2015","NYI",0,1,0,0,0,0,0,0,0,0,0,0
"485","8475171","2015","ARI",21,34,151,66,100,200,131,11,0,3,55,0
"486","8474628","2015","ARI",6,30,133,136,84,154,61,9,0,1,83,0
"487","8474571","2015","ARI",17,33,48,27,64,141,99,9,4,11,17,1
"488","8469760","2015","ARI",2,5,81,124,23,64,38,2,0,1,23,0
"489","8476356","2015","ARI",14,22,53,42,77,170,109,9,9,29,11,0
"490","8471691","2015","ARI",13,28,125,27,61,125,66,9,10,24,9,4
"491","8475738","2015","LAK",0,0,5,2,5,3,0,0,1,1,0,1
"492","8462038","2015","ARI",28,19,112,14,62,139,77,12,21,11,15,1
"493","8475188","2015","LAK",2,12,205,93,58,85,33,8,0,3,41,0
"494","8468535","2015","ARI",16,21,53,52,30,106,62,8,9,12,12,2
"495","8471703","2015","ARI",2,3,28,7,6,18,11,2,3,2,0,0
"496","8477503","2015","ARI",18,33,34,24,59,136,103,8,1,9,15,0
"497","8471231","2015","ARI",4,8,72,12,17,43,31,4,2,5,1,0
"498","8476473","2015","ARI",6,11,169,135,50,91,57,10,0,6,17,1
"499","8470159","2015","ARI",2,2,21,51,14,50,25,3,2,11,2,0
"500","8476403","2015","ARI",2,4,176,74,27,60,28,4,0,0,28,0
"501","8470755","2015","ARI",10,19,57,52,37,105,66,7,6,19,4,1
"502","8471269","2015","ARI",3,4,101,71,17,39,21,1,0,1,16,0
"503","8477407","2015","ARI",19,24,27,26,50,79,61,4,7,5,2,0
"504","8476921","2015","ARI",9,13,51,38,50,99,61,6,5,17,7,2
"505","8471750","2015","TBL",0,1,1,0,0,0,0,0,0,0,0,0
"506","8470171","2015","BOS",2,5,59,25,5,26,17,0,3,3,1,1
"507","8476525","2015","BOS",3,12,41,32,25,51,23,9,0,0,18,1
"508","8477493","2015","FLA",28,31,46,43,54,153,62,30,17,25,18,0
"509","8475790","2015","FLA",1,6,146,75,33,65,13,9,1,0,42,0
"510","8448208","2015","FLA",25,34,30,18,69,122,68,16,5,19,11,1
"511","8476456","2015","FLA",20,37,52,33,50,163,78,31,12,13,22,0
"512","8471245","2015","FLA",1,3,31,8,10,23,13,1,0,3,6,0
"513","8469638","2015","FLA",17,43,46,45,47,125,71,18,8,10,17,1
"514","8476389","2015","FLA",22,25,120,35,61,127,64,19,5,11,24,1
"515","8465185","2015","FLA",1,6,65,62,14,28,8,3,0,0,17,0
"516","8475760","2015","FLA",15,18,95,25,49,158,70,27,8,22,26,1
"517","8475191","2015","FLA",27,26,81,35,61,144,64,27,12,17,23,0
"518","8475755","2015","FLA",3,16,157,72,27,50,17,5,0,1,27,0
"519","8466285","2015","FLA",6,23,28,74,43,91,40,6,1,5,39,0
"520","8468001","2015","FLA",6,7,143,41,33,72,24,13,6,6,23,0
"521","8477932","2015","FLA",13,21,85,57,58,155,47,17,0,8,82,1
"522","8475179","2015","FLA",2,17,122,117,42,96,28,16,0,2,49,0
"523","8475204","2015","FLA",12,15,57,11,55,101,35,19,2,5,37,2
"524","8475736","2015","FLA",1,3,45,6,4,10,5,1,0,3,0,1
"525","8465978","2015","FLA",0,4,69,2,19,54,30,3,1,3,15,1
"526","8476448","2015","CBJ",8,10,37,46,36,88,38,24,3,13,7,2
"527","8470854","2015","NYR",4,3,224,19,17,42,25,6,5,3,2,0
"528","8474291","2015","WSH",11,9,70,32,34,71,32,4,7,21,3,1
"529","8476880","2015","WSH",7,14,268,53,42,98,63,9,9,7,8,1
"530","8474590","2015","WSH",13,37,66,123,72,143,55,19,1,2,66,0
"531","8475149","2015","WSH",17,29,54,30,46,128,84,16,9,6,9,2
"532","8468508","2015","WSH",22,29,42,47,72,194,118,15,16,14,26,3
"533","8475247","2015","WSH",3,4,54,8,5,21,11,3,2,0,5,0
"534","8477220","2015","WSH",2,15,78,112,51,82,44,7,1,4,26,0
"535","8471702","2015","WSH",5,28,184,164,77,148,57,15,0,1,74,1
"536","8477444","2015","WSH",16,21,45,26,63,118,85,19,7,5,1,1
"537","8476772","2015","NJD",0,2,31,7,2,14,7,4,1,0,1,0
"538","8475200","2015","WSH",8,20,133,65,34,76,36,6,0,4,30,0
"539","8474744","2015","WSH",0,0,0,2,1,0,0,0,0,0,0,0
"540","8475199","2015","NJD",1,4,51,20,19,49,14,9,0,0,26,0
"541","8475744","2015","WSH",19,51,88,30,65,196,132,24,10,12,15,1
"542","8471698","2015","WSH",30,29,144,66,76,169,90,20,16,23,16,2
"543","8473991","2015","WSH",4,18,146,207,46,78,37,11,0,1,29,0
"544","8469639","2015","WSH",2,11,117,31,24,94,40,13,8,13,16,3
"545","8466251","2015","WSH",19,21,112,14,41,141,79,14,10,17,17,2
"546","8476870","2015","NJD",1,1,65,6,11,23,12,7,0,1,1,2
"547","8468498","2015","WSH",3,7,129,111,13,30,14,4,0,1,11,0
"548","8471214","2015","WSH",51,27,264,37,177,370,195,51,5,16,101,2
"549","8474651","2015","WSH",0,2,1,0,0,0,0,0,0,0,0,0
"550","8474661","2015","CAR",1,0,22,28,10,27,12,4,0,1,10,0
"551","8466333","2015","EDM",0,0,10,5,2,4,3,0,0,0,1,0
"552","8473970","2015","EDM",1,0,43,4,6,8,6,1,0,0,1,0
"553","8471469","2015","NSH",0,3,2,0,0,0,0,0,0,0,0,0
"554","8474596","2015","STL",0,0,0,0,0,0,0,0,0,0,0,0
"555","8474145","2015","STL",2,2,92,44,19,42,24,4,0,3,11,0
"556","8474152","2015","CHI",0,0,0,0,0,0,0,0,0,0,0,0
"557","8478420","2015","COL",0,0,0,11,2,9,8,0,0,0,0,1
"558","8474134","2015","VAN",0,7,41,35,30,56,25,13,0,1,15,2
"559","8471664","2015","CGY",4,1,10,7,12,43,31,4,2,1,4,1
"560","8473972","2015","CGY",0,0,0,0,0,0,0,0,0,0,0,0
"561","8475206","2015","ARI",2,4,11,17,10,33,24,6,0,1,2,0
"562","8471331","2015","PIT",0,3,89,20,11,29,20,4,0,3,2,0
"563","8470612","2015","ANA",14,50,108,66,105,173,102,14,9,15,31,2
"564","8474176","2015","ANA",20,32,117,44,61,195,113,23,9,23,18,0
"565","8470886","2015","ANA",1,5,121,53,14,30,13,3,1,1,12,0
"566","8476854","2015","ANA",10,18,72,117,55,140,73,18,2,3,44,0
"567","8471390","2015","ANA",8,7,25,18,19,65,42,7,7,6,2,0
"568","8475764","2015","ANA",6,24,49,116,48,107,45,7,0,3,52,0
"569","8470621","2015","ANA",31,32,101,35,83,184,106,18,13,14,30,0
"570","8470616","2015","ANA",22,31,163,94,99,146,79,17,20,13,14,1
"571","8475164","2015","ANA",20,21,87,56,79,189,104,18,9,16,40,1
"572","8476483","2015","ANA",21,24,127,30,85,143,87,9,12,18,16,0
"573","8474034","2015","ANA",11,15,141,9,32,85,47,14,6,7,9,0
"574","8473485","2015","ANA",8,12,73,7,30,73,37,5,6,14,9,0
"575","8475155","2015","ANA",0,3,80,78,13,33,17,7,0,3,6,0
"576","8471699","2015","ANA",11,24,126,27,42,118,73,13,8,18,6,0
"577","8478137","2015","ANA",1,5,48,17,14,47,22,7,1,9,6,0
"578","8469598","2015","ANA",4,11,139,105,55,105,39,6,6,6,48,0
"579","8467423","2015","ANA",6,9,63,23,28,63,27,9,7,2,16,1
"580","8475222","2015","ANA",9,32,86,98,55,127,49,20,3,3,52,0
"581","8465009","2015","BOS",8,28,128,115,57,124,54,17,0,4,48,1
"582","8471715","2015","WPG",0,0,0,0,0,0,0,0,0,0,0,0
"583","8473434","2015","BUF",0,2,0,0,0,0,0,0,0,0,0,0
"584","8476931","2015","BUF",3,9,98,89,27,48,27,10,0,1,10,0
"585","8475462","2015","PHI",5,9,292,159,67,135,45,35,1,2,52,0
"586","8474040","2015","PHI",8,7,19,17,41,88,44,16,3,12,11,0
"587","8475766","2015","NSH",3,7,69,44,16,50,27,5,4,8,5,0
"588","8475795","2015","NYR",2,2,86,31,16,25,6,3,0,0,16,0
"589","8471385","2015","WPG",0,4,32,30,10,22,8,6,2,0,6,0
"590","8471679","2015","MTL",0,0,0,0,0,0,0,0,0,0,0,0
"591","8474889","2015","SJS",0,0,0,0,0,0,0,0,0,0,0,0
"592","8475816","2015","WSH",0,3,14,4,16,30,23,3,0,2,2,0
"593","8474089","2015","CAR",1,4,107,14,22,28,16,10,0,1,1,0
"594","8475769","2015","FLA",6,3,111,9,15,47,23,9,4,5,5,0
"595","8475663","2015","CAR",0,2,0,0,0,0,0,0,0,0,0,0
"596","8476430","2015","DET",3,2,44,4,13,34,19,9,0,3,2,0
"597","8476300","2015","TBL",3,7,109,34,32,61,26,7,1,3,22,0
"598","8475869","2015","EDM",4,7,67,81,35,51,15,9,0,1,26,0
"599","8474098","2015","DAL",12,15,85,56,40,128,86,15,5,12,2,4
"600","8470140","2015","DAL",0,3,0,0,0,0,0,0,0,0,0,0
"601","8470105","2015","STL",7,10,127,16,41,113,88,13,1,8,3,0
"602","8477937","2015","VAN",7,6,124,21,42,83,57,13,2,8,2,1
"603","8467331","2015","COL",0,0,11,7,3,0,0,0,0,0,0,0
"604","8475292","2015","BOS",6,0,39,8,2,12,5,4,0,1,2,0
"605","8476312","2015","ANA",5,7,153,62,36,80,49,9,1,4,17,0
"606","8476431","2015","PIT",1,6,18,34,17,41,25,8,0,0,8,0
"607","8475810","2015","PIT",10,9,88,34,45,85,56,7,3,14,4,0
"608","8476386","2015","OTT",9,10,27,13,28,92,57,12,3,9,9,1
"609","8471710","2015","WSH",1,5,62,63,19,27,12,4,0,0,11,0
"610","8476905","2015","WSH",0,0,5,4,1,2,1,0,0,1,0,0
"611","8475770","2015","NYR",6,8,83,39,31,82,48,6,7,9,1,5
"612","8476975","2015","TBL",5,6,166,35,32,55,39,6,3,5,1,0
"613","8475310","2015","DAL",0,0,8,1,2,5,3,1,1,0,0,0
"614","8467407","2015","BUF",12,18,43,32,41,141,70,19,13,10,24,4
"615","8475613","2015","MIN",0,4,36,86,10,21,14,2,0,0,5,0
"616","8469608","2015","ARI",0,1,0,0,0,0,0,0,0,0,0,0
"617","8476235","2015","MIN",5,10,11,24,25,49,28,3,5,4,7,2
"618","8473546","2015","TOR",9,7,30,45,42,91,48,20,6,9,8,0
"619","8470920","2015","CBJ",2,2,41,6,3,19,4,7,3,4,1,0
"620","8471392","2015","TOR",1,13,317,171,58,97,39,7,3,2,45,1
"621","8474597","2015","CBJ",1,6,25,44,20,34,9,7,0,0,18,0
"622","8476934","2015","CAR",3,1,28,6,7,22,11,7,0,2,2,0
"623","8467351","2015","STL",1,7,3,8,6,19,11,2,0,2,4,0
"624","8476888","2015","COL",6,19,22,35,29,68,39,9,3,8,6,3
"625","8469490","2015","ANA",0,0,2,0,0,1,1,0,0,0,0,0
"626","8475780","2015","ANA",4,2,93,26,16,46,28,6,1,5,5,0
"627","8473499","2015","COL",0,1,0,0,0,0,0,0,0,0,0,0
"628","8475762","2015","LAK",1,1,9,7,3,12,6,3,0,0,3,0
"629","8475311","2015","MIN",0,0,0,0,0,0,0,0,0,0,0,0
"630","8471794","2015","DET",14,13,118,24,59,143,73,30,4,10,18,4
"631","8474168","2015","DET",0,2,14,5,8,19,9,3,1,5,1,0
"632","8477215","2015","DET",8,11,91,105,32,65,34,8,1,0,22,0
"633","8475852","2015","DET",0,2,0,0,0,0,0,0,0,0,0,0
"634","8476886","2015","TBL",0,2,13,11,9,19,9,3,0,0,6,0
"635","8476889","2015","DAL",8,9,64,42,47,76,48,7,7,5,6,3
"636","8473563","2015","WSH",21,53,63,53,66,116,78,20,1,3,11,2
"637","8471774","2015","SJS",0,1,0,0,0,0,0,0,0,0,0,0
"638","8474066","2015","NYI",7,16,67,99,42,58,26,7,2,3,18,1
"639","8474727","2015","SJS",2,3,15,15,8,13,6,4,0,1,2,0
"640","8477958","2015","SJS",1,1,0,1,6,5,3,2,0,0,0,0
"641","8470860","2015","NYI",0,1,0,0,0,0,0,0,0,0,0,0
"642","8476331","2015","SJS",1,2,34,32,17,36,15,4,0,0,17,0
"643","8476994","2015","CHI",0,0,2,2,3,6,4,1,0,1,0,0
"644","8477510","2015","CBJ",1,6,25,7,9,22,4,8,4,2,4,0
"645","8476440","2015","CGY",6,4,29,19,23,47,23,9,5,2,7,1
"646","8471856","2015","ARI",0,0,1,0,1,1,0,0,0,0,0,0
"647","8471695","2015","BOS",0,0,0,0,0,0,0,0,0,0,0,0
"648","8474019","2015","BOS",0,1,3,1,0,0,0,0,0,0,0,0
"649","8474061","2015","WPG",1,3,76,3,10,14,6,4,0,2,1,0
"650","8470880","2015","STL",0,0,0,0,0,0,0,0,0,0,0,0
"651","8473560","2015","ANA",0,3,51,30,11,17,7,1,1,0,8,0
"652","8474516","2015","SJS",0,0,13,3,1,4,2,0,1,0,1,0
"653","8471239","2015","NJD",0,0,0,0,0,0,0,0,0,0,0,0
"654","8474577","2015","CGY",18,25,113,22,28,79,39,6,10,17,3,2
"655","8475759","2015","COL",0,1,18,19,10,11,7,1,0,1,2,0
"656","8466393","2015","PIT",1,2,28,8,10,22,11,2,0,3,6,0
"657","8474000","2015","FLA",0,3,67,61,13,51,25,6,0,2,18,0
"658","8474230","2015","SJS",1,0,39,4,2,9,6,0,1,0,0,0
"659","8477509","2015","SJS",0,0,2,3,3,8,3,1,0,0,4,0
"660","8473571","2015","LAK",1,7,17,42,21,32,14,0,1,0,17,0
"661","8475361","2015","BOS",0,0,0,0,0,0,0,0,0,0,0,0
"662","8471222","2015","CGY",0,0,35,29,4,11,6,2,0,1,2,0
"663","8470657","2015","DET",0,1,0,0,0,0,0,0,0,0,0,0
"664","8475831","2015","WSH",0,0,0,0,0,0,0,0,0,0,0,0
"665","8476999","2015","BUF",0,0,0,0,0,0,0,0,0,0,0,0
"666","8475278","2015","TOR",2,3,43,20,26,58,30,9,4,5,8,0
"667","8476323","2015","OTT",1,2,43,8,8,34,20,9,1,2,2,0
"668","8475227","2015","OTT",6,6,50,65,16,70,36,10,2,0,22,0
"669","8473722","2015","ARI",0,1,23,3,0,6,1,1,0,1,2,0
"670","8476427","2015","STL",4,2,5,1,5,10,7,0,1,1,1,0
"671","8470609","2015","NYI",1,5,60,15,5,31,15,6,2,1,3,2
"672","8471761","2015","STL",0,0,3,8,1,4,3,0,0,0,1,0
"673","8476467","2015","DAL",0,2,54,29,6,13,6,1,1,1,4,0
"674","8475747","2015","DAL",0,8,58,45,21,36,11,4,0,3,18,0
"675","8477902","2015","COL",0,0,11,12,3,9,5,1,0,1,1,0
"676","8476289","2015","DET",2,6,44,94,25,35,10,5,0,1,19,0
"677","8473562","2015","SJS",0,0,0,1,0,0,0,0,0,0,0,0
"678","8477488","2015","CAR",4,11,30,74,38,70,15,14,2,3,36,0
"679","8474636","2015","WPG",0,0,0,0,0,0,0,0,0,0,0,0
"680","8474683","2015","CGY",0,1,25,11,7,22,11,3,2,3,1,0
"681","8476336","2015","EDM",5,7,135,19,31,67,31,25,4,1,5,1
"682","8475299","2015","CGY",0,0,0,0,0,0,0,0,0,0,0,0
"683","8477715","2015","ARI",1,2,23,4,5,5,3,0,2,0,0,0
"684","8475883","2015","ANA",0,1,0,0,0,0,0,0,0,0,0,0
"685","8466141","2015","FLA",0,2,0,0,0,0,0,0,0,0,0,0
"686","8477498","2015","EDM",2,7,141,97,46,102,53,23,0,6,17,0
"687","8467329","2015","PHI",11,9,69,24,28,61,27,10,1,13,7,2
"688","8477213","2015","BUF",1,2,13,9,4,17,11,2,0,3,1,0
"689","8473553","2015","PIT",0,0,0,0,0,0,0,0,0,0,0,0
"690","8476539","2015","TBL",6,11,64,10,25,79,43,12,5,9,9,0
"691","8478528","2015","CHI",1,2,19,10,7,25,16,3,2,2,1,1
"692","8476867","2015","VAN",1,0,33,3,7,30,20,6,0,3,0,0
"693","8477934","2015","EDM",18,31,36,18,35,98,45,26,8,13,5,0
"694","8474038","2015","MTL",11,7,100,24,16,38,24,2,1,5,5,0
"695","8471733","2015","TOR",0,4,50,5,2,10,4,1,1,4,0,0
"696","8476477","2015","OTT",2,1,14,10,9,20,12,1,2,2,2,1
"697","8476400","2015","FLA",4,2,78,20,22,69,38,10,4,4,13,0
"698","8477451","2015","CHI",0,1,5,3,4,3,2,0,0,0,1,0
"699","8476979","2015","CHI",0,15,31,40,27,61,25,2,0,0,33,1
"700","8474673","2015","CGY",6,36,14,94,32,70,34,11,1,3,20,1
"701","8477237","2015","MTL",0,0,0,0,0,0,0,0,0,0,0,0
"702","8473614","2015","VAN",0,0,0,0,0,0,0,0,0,0,0,0
"703","8470611","2015","PIT",10,7,103,58,29,90,59,9,5,11,6,0
"704","8476428","2015","FLA",2,1,14,4,6,25,7,8,0,3,6,0
"705","8475147","2015","MIN",3,1,13,14,7,27,19,3,1,2,0,2
"706","8475775","2015","TBL",0,0,0,0,1,1,1,0,0,0,0,0
"707","8476883","2015","TBL",0,0,0,0,0,0,0,0,0,0,0,0
"708","8476447","2015","NSH",6,6,183,38,37,69,50,6,3,7,2,1
"709","8473503","2015","TOR",0,0,0,0,0,0,0,0,0,0,0,0
"710","8477448","2015","CHI",5,5,62,15,21,47,33,3,1,1,5,3
"711","8476435","2015","BOS",0,0,2,1,2,4,3,0,1,0,0,0
"712","8476913","2015","DAL",0,0,2,0,0,1,1,0,0,0,0,0
"713","8467950","2015","OTT",0,2,0,0,0,0,0,0,0,0,0,0
"714","8476043","2015","COL",0,0,6,4,1,8,2,2,0,2,1,0
"715","8475195","2015","EDM",0,1,0,0,0,0,0,0,0,0,0,0
"716","8473607","2015","PHI",0,1,0,0,0,0,0,0,0,0,0,0
"717","8475175","2015","STL",3,7,42,13,29,80,46,6,4,17,2,2
"718","8470274","2015","VAN",3,1,11,13,15,38,21,7,3,4,0,2
"719","8475683","2015","CBJ",0,2,0,0,0,1,1,0,0,0,0,0
"720","8475253","2015","FLA",0,1,86,5,10,29,10,5,3,5,3,0
"721","8471219","2015","FLA",0,0,0,0,0,0,0,0,0,0,0,0
"722","8477249","2015","EDM",0,0,4,0,1,3,1,0,0,0,2,0
"723","8474586","2015","EDM",23,22,24,18,57,132,80,22,4,19,6,0
"724","8476384","2015","ANA",0,0,6,2,2,0,0,0,0,0,0,0
"725","8478366","2015","BOS",8,3,59,23,22,85,47,18,2,7,10,1
"726","8474074","2015","WPG",2,0,13,12,13,20,11,1,0,1,7,0
"727","8474616","2015","WPG",0,0,1,0,0,1,1,0,0,0,0,0
"728","8477006","2015","MIN",0,0,7,2,1,3,1,2,0,0,0,0
"729","8477293","2015","NYR",0,0,0,0,0,0,0,0,0,0,0,0
"730","8471418","2015","ANA",0,0,0,0,0,0,0,0,0,0,0,0
"731","8476960","2015","DET",9,5,22,7,18,48,31,2,2,7,4,2
"732","8473415","2015","VAN",0,5,101,37,13,52,29,5,0,3,14,1
"733","8475192","2015","NYI",0,0,6,0,2,0,0,0,0,0,0,0
"734","8474138","2015","ARI",1,1,2,1,0,4,3,0,0,0,1,0
"735","8474765","2015","ARI",0,1,0,0,0,0,0,0,0,0,0,0
"736","8467899","2015","STL",1,0,1,0,1,2,1,0,0,1,0,0
"737","8478561","2015","COL",4,7,151,25,22,46,34,6,0,2,3,0
"738","8474593","2015","VAN",0,2,0,0,0,0,0,0,0,0,0,0
"739","8476925","2015","NSH",4,2,58,24,9,23,10,1,3,5,3,1
"740","8476545","2015","MIN",0,0,16,1,0,3,2,0,0,0,1,0
"741","8477922","2015","SJS",15,11,97,60,59,103,48,13,6,17,11,7
"742","8469619","2015","BOS",1,10,120,111,22,60,24,18,0,1,17,0
"743","8474850","2015","CHI",4,1,68,3,6,22,17,1,0,1,1,0
"744","8473523","2015","LAK",0,0,0,0,0,0,0,0,0,0,0,0
"745","8467514","2015","DET",14,31,69,36,64,160,84,34,5,26,7,4
"746","8476917","2015","NYI",0,2,16,16,2,8,6,0,0,0,2,0
"747","8474688","2015","MTL",1,6,86,46,14,26,15,0,0,0,11,0
"748","8476955","2015","PHI",0,0,2,3,2,3,1,2,0,0,0,0
"749","8476906","2015","PHI",15,27,28,58,78,114,24,22,1,2,65,0
"750","8465058","2015","CHI",1,10,86,65,14,39,15,2,0,1,21,0
"751","8475194","2015","ARI",0,0,3,11,1,5,4,1,0,0,0,0
"752","8475414","2015","ARI",0,1,15,4,3,13,10,0,0,3,0,0
"753","8477941","2015","ANA",2,2,87,10,24,50,37,0,1,10,0,0
"754","8477445","2015","VAN",2,1,9,3,7,10,4,2,1,2,0,0
"755","8471663","2015","TBL",3,2,56,8,6,16,10,0,0,5,1,0
"756","8475060","2015","TBL",0,0,1,3,2,3,2,0,0,0,1,0
"757","8476819","2015","STL",0,0,2,0,0,0,0,0,0,0,0,0
"758","8474567","2015","BUF",5,16,71,87,35,99,33,11,2,2,51,0
"759","8477923","2015","MIN",0,0,1,0,0,0,0,0,0,0,0,0
"760","8475757","2015","MIN",0,0,2,0,0,2,2,0,0,0,0,0
"761","8476414","2015","VAN",0,0,5,3,3,9,7,1,1,0,0,0
"762","8477467","2015","MIN",0,0,2,0,2,1,1,0,0,0,0,0
"763","8474743","2015","COL",2,4,46,39,18,20,13,4,0,0,3,0
"764","8476981","2015","CBJ",1,3,40,4,5,10,5,2,1,1,0,1
"765","8474722","2015","TBL",0,0,6,1,2,1,1,0,0,0,0,0
"766","8477326","2015","TBL",0,1,6,2,2,1,1,0,0,0,0,0
"767","8476234","2015","NJD",0,0,0,0,0,0,0,0,0,0,0,0
"768","8476958","2015","CAR",1,18,36,105,34,74,27,13,0,3,31,0
"769","8473550","2015","CBJ",0,2,35,24,4,9,1,3,0,1,4,0
"770","8477413","2015","MTL",6,9,64,14,24,61,42,6,5,5,2,1
"771","8475622","2015","NSH",0,1,0,0,0,0,0,0,0,0,0,0
"772","8460542","2015","NJD",2,4,9,0,4,17,6,8,1,0,1,1
"773","8470644","2015","PHI",1,0,29,1,3,7,2,3,0,1,0,1
"774","8464977","2015","SJS",4,5,124,21,17,39,23,2,3,4,6,1
"775","8476393","2015","PHI",4,5,43,18,13,35,15,7,4,4,5,0
"776","8473992","2015","CBJ",0,3,33,34,8,15,6,3,0,0,6,0
"777","8475749","2015","MTL",0,2,5,1,0,9,7,2,0,0,0,0
"778","8471311","2015","NJD",3,13,33,8,19,61,28,16,1,4,10,0
"779","8478541","2015","CBJ",0,0,7,0,0,3,1,2,0,0,0,0
"780","8475461","2015","COL",0,2,8,4,2,3,2,0,0,0,0,0
"781","8475153","2015","FLA",0,1,6,7,1,7,3,2,0,0,2,0
"782","8476915","2015","EDM",0,2,24,5,6,10,3,4,0,2,1,0
"783","8476343","2015","TOR",0,0,0,0,0,0,0,0,0,0,0,0
"784","8471760","2015","NSH",0,0,41,10,3,14,5,5,0,4,0,0
"785","8476388","2015","VAN",0,0,40,8,6,11,7,1,0,0,3,0
"786","8474660","2015","PIT",1,1,5,21,21,37,17,5,0,3,12,0
"787","8476945","2015","WPG",0,0,0,0,0,0,0,0,0,0,0,0
"788","8470775","2015","ANA",5,3,116,38,15,41,19,6,4,10,2,0
"789","8476434","2015","ANA",0,1,0,0,0,0,0,0,0,0,0,0
"790","8471862","2015","OTT",7,7,83,9,25,47,30,6,1,7,2,1
"791","8477589","2015","VAN",0,0,16,2,2,6,4,0,0,0,1,1
"792","8475661","2015","OTT",1,3,51,7,5,11,7,1,1,1,0,1
"793","8477901","2015","MTL",6,2,24,2,21,29,10,3,0,11,2,0
"794","8476858","2015","CAR",7,9,102,18,28,54,22,16,1,9,4,1
"795","8475808","2015","CBJ",0,1,8,3,0,5,1,4,0,0,0,0
"796","8476989","2015","STL",0,0,14,11,5,9,6,1,0,0,2,0
"797","8477929","2015","CHI",3,5,36,19,11,38,23,1,3,4,3,1
"798","8476948","2015","MTL",0,2,7,1,4,3,3,0,0,0,0,0
"799","8475161","2015","WSH",0,0,2,0,0,1,1,0,0,0,0,0
"800","8470147","2015","CBJ",0,1,0,0,0,0,0,0,0,0,0,0
"801","8477010","2015","NJD",4,10,35,13,20,34,13,9,1,4,5,1
"802","8476352","2015","LAK",1,2,22,10,8,20,15,1,1,1,0,0
"803","8474682","2015","MTL",0,0,0,0,0,0,0,0,0,0,0,0
"804","8460720","2015","NYI",0,0,15,0,0,3,2,0,0,0,1,0
"805","8477846","2015","SJS",0,0,1,0,0,0,0,0,0,0,0,0
"806","8471348","2015","EDM",0,1,14,9,6,12,7,3,0,0,2,0
"807","8471811","2015","BUF",3,2,2,5,3,6,2,1,0,2,1,0
"808","8475260","2015","FLA",1,5,16,2,6,8,3,0,2,0,2,1
"809","8476869","2015","NYR",0,2,22,16,6,12,8,2,0,1,1,0
"810","8476302","2015","TOR",1,5,43,36,26,45,25,7,0,2,11,0
"811","8476826","2015","TBL",0,1,2,1,1,0,0,0,0,0,0,0
"812","8477202","2015","OTT",0,0,0,0,0,0,0,0,0,0,0,0
"813","8477839","2015","PIT",10,9,36,18,25,74,53,9,1,8,3,0
"814","8475839","2015","ARI",0,1,0,0,0,0,0,0,0,0,0,0
"815","8471916","2015","TBL",1,0,6,1,2,0,0,0,0,0,0,0
"816","8473589","2015","NYR",0,0,3,1,0,3,2,1,0,0,0,0
"817","8476469","2015","WPG",4,4,54,19,15,41,26,6,1,3,1,4
"818","8474094","2015","WPG",0,3,38,11,8,39,20,3,1,3,4,4
"819","8477446","2015","MTL",1,1,46,8,8,39,27,2,3,4,2,0
"820","8476479","2015","CHI",4,6,44,28,25,67,39,7,3,9,7,1
"821","8476293","2015","PIT",5,1,36,4,10,32,23,4,0,3,1,0
"822","8476914","2015","CBJ",0,0,0,0,0,0,0,0,0,0,0,0
"823","8475797","2015","MTL",0,0,21,10,4,2,2,0,0,0,0,0
"824","8475150","2015","STL",0,0,4,0,0,1,0,0,1,0,0,0
"825","8477931","2015","DET",0,0,6,0,1,2,1,0,0,1,0,0
"826","8475223","2015","VAN",3,10,4,9,18,32,24,3,3,1,0,1
"827","8476941","2015","WSH",2,1,31,18,12,17,8,2,0,3,4,0
"828","8475717","2015","COL",0,1,0,0,0,0,0,0,0,0,0,0
"829","8476495","2015","BOS",0,1,4,0,1,2,1,0,0,0,1,0
"830","8474717","2015","MTL",2,8,9,17,12,24,13,2,0,2,7,0
"831","8477447","2015","ANA",3,5,7,21,18,26,13,3,0,0,10,0
"832","8476779","2015","EDM",0,0,4,6,4,10,3,1,0,0,6,0
"833","8474100","2015","LAK",7,7,84,8,31,47,32,5,4,1,3,0
"834","8477460","2015","ARI",1,0,4,7,3,4,4,0,0,0,0,0
"835","8475119","2015","WSH",1,0,20,6,3,12,3,6,1,0,2,0
"836","8476209","2015","NJD",3,1,25,6,18,26,12,7,1,2,4,0
"837","8476368","2015","OTT",0,2,32,27,5,15,8,3,0,0,4,0
"838","8473534","2015","STL",14,9,71,24,36,95,62,9,4,7,9,3
"839","8474604","2015","WSH",0,2,4,5,4,8,5,1,0,0,2,0
"840","8477126","2015","NYR",1,1,6,1,6,8,6,1,0,0,1,0
"841","8475681","2015","MTL",0,0,0,0,0,0,0,0,0,0,0,0
"842","8470729","2015","MIN",0,0,4,0,1,0,0,0,0,0,0,0
"843","8474024","2015","NJD",0,0,7,2,0,3,2,0,0,1,0,0
"844","8471752","2015","NJD",0,0,1,1,4,0,0,0,0,0,0,0
"845","8476200","2015","NJD",0,0,3,0,0,3,2,1,0,0,0,0
"846","8475868","2015","NSH",1,5,95,58,18,26,12,2,1,2,9,0
"847","8474008","2015","WSH",0,0,3,1,0,3,0,2,0,1,0,0
"848","8476429","2015","NYI",1,0,8,14,2,3,2,0,0,0,1,0
"849","8475832","2015","PIT",6,12,111,45,13,57,34,7,1,10,4,0
"850","8476422","2015","MIN",1,6,3,22,4,24,6,1,0,3,13,0
"851","8475774","2015","NSH",0,2,39,23,5,12,7,1,0,0,4,0
"852","8475209","2015","CHI",5,5,74,14,21,41,28,3,2,3,4,1
"853","8476410","2015","TOR",5,0,6,3,8,14,9,1,2,1,1,0
"854","8477942","2015","NSH",1,0,2,2,5,10,8,1,0,0,1,0
"855","8477453","2015","COL",1,1,14,16,11,15,9,4,0,0,2,0
"856","8476166","2015","VAN",0,1,3,3,0,0,0,0,0,0,0,0
"857","8470617","2015","WSH",2,3,72,22,22,51,30,4,8,8,0,1
"858","8475321","2015","BUF",1,2,4,6,0,1,0,0,0,1,0,0
"859","8477455","2015","MTL",0,1,31,13,11,17,12,0,1,4,0,0
"860","8475178","2015","EDM",3,5,81,3,14,32,9,9,4,6,3,0
"861","8470378","2015","STL",0,0,1,5,1,0,0,0,0,0,0,0
"862","8477076","2015","WPG",0,1,29,2,0,4,2,1,1,0,0,0
"863","8475598","2015","WSH",0,0,0,0,0,0,0,0,0,0,0,0
"864","8476902","2015","DAL",0,0,4,9,2,2,1,1,0,0,0,0
"865","8477816","2015","VAN",0,1,5,0,1,1,1,0,0,0,0,0
"866","8470230","2015","NYR",0,0,15,9,2,10,7,1,0,0,1,0
"867","8476884","2015","PIT",0,7,14,18,11,27,13,3,0,1,10,0
"868","8475274","2015","NJD",0,1,42,20,8,9,2,3,0,0,4,0
"869","8476409","2015","NYI",2,4,27,9,14,15,8,3,1,2,1,0
"870","8477527","2015","NYI",0,0,6,0,0,0,0,0,0,0,0,0
"871","8477506","2015","NYI",3,4,24,16,20,16,3,4,0,0,9,0
"872","8471996","2015","NYI",0,1,5,2,0,0,0,0,0,0,0,0
"873","8473584","2015","PHI",2,7,13,79,15,19,6,2,0,0,10,0
"874","8476899","2015","PIT",0,0,0,0,0,0,0,0,0,0,0,0
"875","8474025","2015","DET",0,0,1,0,0,0,0,0,0,0,0,0
"876","8476471","2015","CHI",0,0,3,0,0,0,0,0,0,0,0,0
"877","8475215","2015","BUF",0,1,0,0,0,0,0,0,0,0,0,0
"878","8476451","2015","MTL",1,1,17,3,4,12,9,1,0,1,0,0
"879","8476897","2015","PIT",1,3,21,5,5,10,7,1,0,2,0,0
"880","8476401","2015","BUF",0,0,19,2,1,6,4,1,1,0,0,0
"881","8476288","2015","OTT",0,6,39,4,6,18,15,3,0,0,0,0
"882","8474698","2015","FLA",0,0,4,5,1,7,1,5,0,0,1,0
"883","8475857","2015","LAK",0,0,4,4,6,2,1,0,0,0,1,0
"884","8477473","2015","BUF",0,0,8,6,3,19,12,1,0,4,1,0
"885","8475756","2015","FLA",0,0,2,2,1,0,0,0,0,0,0,0
"886","8476894","2015","TOR",1,2,12,6,4,10,5,3,0,2,0,0
"887","8476158","2015","ANA",0,0,3,0,0,1,0,0,1,0,0,0
"888","8476443","2015","DET",0,1,3,2,2,4,3,1,0,0,0,0
"889","8478562","2015","CGY",2,3,40,21,17,40,15,6,0,0,18,1
"890","8475836","2015","VAN",0,0,1,0,0,1,0,0,0,1,0,0
"891","8477033","2015","TOR",0,2,8,1,4,1,0,0,0,0,1,0
"892","8477426","2015","OTT",2,3,36,9,9,24,15,6,0,3,0,0
"893","8476452","2015","CGY",0,1,14,16,6,9,5,0,0,0,4,0
"894","8476875","2015","FLA",0,1,4,9,3,12,3,4,0,0,5,0
"895","8475735","2015","FLA",2,0,18,6,4,9,7,1,1,0,0,0
"896","8476415","2015","FLA",0,0,3,3,4,11,8,2,0,1,0,0
"897","8475949","2015","NYR",0,1,6,1,0,3,2,0,0,1,0,0
"898","8476478","2015","TOR",0,0,4,3,1,1,1,0,0,0,0,0
"899","8477851","2015","EDM",0,5,9,25,8,23,5,5,2,3,7,1
"900","8473658","2015","MTL",0,0,19,12,5,8,5,0,0,0,3,0
"901","8477903","2015","CGY",0,3,44,16,5,11,6,0,3,1,0,1
"902","8477939","2015","TOR",5,7,4,5,23,34,18,8,1,5,2,0
"903","8478373","2015","TOR",2,2,29,6,8,22,10,9,0,3,0,0
"904","8477953","2015","TOR",0,0,10,1,3,14,9,3,0,1,1,0
"905","8475786","2015","TOR",2,2,30,5,15,30,10,5,5,7,1,1
"906","8478569","2015","BOS",0,1,50,4,6,17,8,2,2,3,2,0
"907","8478585","2015","CAR",1,0,2,0,0,3,2,0,1,0,0,0
"908","8476474","2015","ANA",0,0,3,0,0,0,0,0,0,0,0,0
"909","8478999","2015","ARI",0,0,0,0,0,0,0,0,0,0,0,0
"910","8475782","2015","MTL",0,0,1,2,1,1,0,0,0,0,1,0
"911","8476439","2015","DAL",0,1,32,3,5,16,13,0,0,2,1,0
"912","8476326","2015","PIT",0,0,1,1,0,0,0,0,0,0,0,0
"913","8477504","2015","WPG",0,0,1,2,0,1,0,0,0,0,1,0
"914","8473542","2015","PIT",0,1,13,1,0,1,1,0,0,0,0,0
"915","8476910","2015","WPG",0,3,7,2,2,9,6,1,0,1,1,0
"916","8474497","2015","OTT",0,1,6,19,4,9,2,0,0,0,7,0
"917","8475730","2015","DAL",1,2,96,31,21,18,4,2,0,1,11,0
"918","8475844","2015","CGY",0,0,3,0,0,3,3,0,0,0,0,0
"919","8476944","2015","CAR",0,0,1,0,0,4,2,1,0,0,1,0
"920","8476379","2015","MTL",1,4,38,14,5,12,8,0,0,0,4,0
"921","8477642","2015","TOR",0,0,9,4,3,7,5,0,0,0,2,0
"922","8478866","2015","PIT",0,1,1,0,0,1,0,0,0,0,0,0
"923","8475815","2015","WPG",0,0,14,7,4,12,6,0,0,0,6,0
"924","8471186","2015","NJD",0,0,0,0,0,0,0,0,0,0,0,0
"925","8477511","2015","DET",2,1,4,3,6,16,6,5,0,2,3,0
"926","8475980","2015","CAR",0,0,19,0,2,6,1,3,0,1,1,0
"927","8476953","2015","CAR",0,0,0,1,1,1,0,0,0,0,1,0
"928","8475878","2015","CGY",0,1,7,2,0,5,2,2,0,1,0,0
"929","8477997","2015","VAN",1,1,28,19,9,8,5,1,0,0,2,0
"930","8477416","2015","CBJ",4,4,8,3,7,19,6,10,1,1,1,0
"931","8475829","2015","CBJ",0,0,0,4,0,0,0,0,0,0,0,0
"932","8477015","2015","TOR",1,5,1,2,3,10,7,0,1,1,1,0
"933","8477244","2015","BUF",0,0,3,2,0,1,0,1,0,0,0,0
"934","8477512","2015","TOR",0,1,10,7,4,3,1,1,0,1,0,0
"935","8478029","2015","WPG",0,0,3,0,0,2,2,0,0,0,0,0
"936","8478584","2015","NJD",0,0,12,5,2,6,1,1,0,0,4,0
"937","8477810","2015","MTL",0,6,6,19,5,10,5,0,0,0,5,0
"938","8473404","2015","CGY",0,0,0,0,0,0,0,0,0,0,0,0
"939","8476316","2015","EDM",0,0,0,0,0,0,0,0,0,0,0,0
"940","8475343","2015","LAK",0,0,6,0,2,3,1,1,0,0,0,1
"941","8475234","2015","NYI",0,0,0,0,0,0,0,0,0,0,0,0
"942","8476370","2015","NJD",1,1,19,3,1,9,5,2,0,2,0,0
"943","8479268","2015","BUF",0,2,3,2,1,5,2,1,0,0,2,0
"944","8477392","2015","BUF",1,1,6,1,4,7,4,1,1,1,0,0
"945","8477887","2015","CAR",1,1,7,5,4,5,1,1,0,2,0,0
"946","8478567","2015","CBJ",0,0,7,10,2,3,2,1,0,0,0,0
"947","8477486","2015","CGY",0,0,4,1,4,3,2,0,0,0,1,0
"948","8474113","2015","TOR",1,0,6,5,7,10,3,5,0,0,2,0
"949","8477427","2015","TOR",0,2,10,1,6,12,9,3,0,0,0,0
"950","8474638","2015","TOR",0,1,5,10,2,1,1,0,0,0,0,0
"951","8477947","2015","CBJ",0,1,4,2,3,2,1,1,0,0,0,0
"952","8477566","2015","CAR",0,1,1,0,0,0,0,0,0,0,0,0
"953","8477433","2015","OTT",0,1,9,7,1,3,3,0,0,0,0,0
"954","8474554","2015","ARI",0,0,3,0,0,1,1,0,0,0,0,0
"955","8474005","2015","ARI",0,0,7,2,1,4,1,1,0,0,2,0
"956","8478004","2015","MTL",0,0,1,0,0,0,0,0,0,0,0,0
"957","8476444","2015","NYI",0,0,0,0,0,0,0,0,0,0,0,0
"958","8478963","2015","MTL",0,0,2,2,0,1,1,0,0,0,0,0
"959","8477210","2015","OTT",1,1,11,1,0,4,1,1,0,2,0,0
"960","8474610","2015","MIN",1,0,5,3,1,2,1,1,0,0,0,0
"961","8479293","2015","WPG",0,0,3,2,1,1,1,0,0,0,0,0
"962","8475842","2015","TOR",0,0,4,0,0,4,2,2,0,0,0,0
"963","8477450","2015","DAL",1,0,0,1,0,1,1,0,0,0,0,0
"964","8475213","2015","CGY",0,1,0,1,0,3,3,0,0,0,0,0
"965","8478542","2015","BUF",1,1,3,0,2,7,4,3,0,0,0,0
"966","8476766","2015","BUF",0,0,3,0,2,5,5,0,0,0,0,0
"967","8476147","2015","PIT",0,0,4,0,0,1,1,0,0,0,0,0
"968","8475958","2015","ANA",0,0,0,2,0,0,0,0,0,0,0,0
"969","8478401","2015","NJD",0,2,1,0,1,3,0,1,0,2,0,0
"970","8477425","2015","NJD",0,0,1,0,0,2,0,2,0,0,0,0
"971","8477463","2015","NJD",0,0,0,2,0,1,0,1,0,0,0,0
"972","8476505","2015","CGY",0,1,2,0,0,0,0,0,0,0,0,0
"973","8476890","2015","CGY",1,0,3,2,0,0,0,0,0,0,0,0
"974","8478430","2015","CGY",0,0,0,1,0,1,1,0,0,0,0,0
"975","8470714","2015","NSH",0,0,0,1,1,0,0,0,0,0,0,0
"976","8476244","2015","NYR",0,1,1,0,0,2,0,1,0,0,1,0
"977","8476857","2015","NSH",0,0,2,0,0,0,0,0,0,0,0,0
